metric;measured;unavailable;sum;mean;max
attribute_count;24784;0;39622;1,598692705;141
blank_lines;24784;0;260543;10,51254842;3631
bodyless_methods_excluded_from_complexity;24784;0;0;0;0
cbo_known;24784;0;26472;1,068108457;2137
cld;24783;1;1732;0,069886616;8
comment_lines;24784;0;137218;5,536555842;1477
comment_only_lines;24784;0;122523;4,943632989;1451
comment_percentage;24784;0;118569,8097;4,784127248;633,3333333
comment_to_code_ratio;24784;0;1185,698097;0,047841272;6,333333333
default_methods;3998;20786;0;0;0
distinct_operands;24784;0;1069785;43,1643399;4286
distinct_operators;24784;0;186345;7,518762105;59
dit;7705;17079;3265;0,423750811;7
dit_known;24783;1;12616;0,509058629;8
ec_attr_known;24784;0;1497;0,060401872;208
ec_par_known;24784;0;3848;0,155261459;629
getters;24784;0;2829;0,114146223;36
halstead_length;24784;0;6505768;262,4987088;64980
halstead_vocabulary;24784;0;1256130;50,683102;4339
halstead_volume;24784;0;53304635,9;2150,768072;785162,8837
ic_attr_known;24784;0;1497;0,060401872;22
ic_par_known;24784;0;3848;0,155261459;146
immediate_bases;24784;0;20432;0,824402841;8
inherited_attributes_known;24783;1;90263;3,642133721;135
inherited_operations_known;24783;1;322625;13,01799621;438
instance_methods;24784;0;96976;3,912846998;921
instance_variables;24784;0;22413;0,904333441;102
interfaces_implemented;24784;0;0;0;0
lcom_p9_literal;9544;15240;-875,3434468;-0,091716623;2
lines_without_comment_only;24784;0;1874577;75,63658005;17864
loc;24784;0;1613993;65,12237734;14884
mean_cc;15877;8907;20977,15816;1,321229335;31
method_count;24784;0;102930;4,153082634;925
methods_with_cc;24784;0;80968;3,266946417;775
mi_p9_literal;19875;4909;2239875,564;112,6981416;198,990521
mixed_code_comment_lines;24784;0;14695;0,592922853;266
nesting;24784;0;347;0,014000968;2
noc_children;24784;0;7508;0,302937379;1670
num_ancestors_known;24783;1;13533;0,546059799;11
num_descendants;24783;1;13533;0,546059799;3583
private_methods;3998;20786;0;0;0
protected_methods;3998;20786;0;0;0
public_methods;3998;20786;0;0;0
rcim;15877;8907;18664,28208;1,175554707;5,280890912
rfc_p2_methods_including_inherited_known;24783;1;425553;17,17116572;925
rfc_p9_boundary_fanin_plus_fanout_resolved;24784;0;86836;3,503712072;16675
setters;24784;0;1326;0,05350226;20
total_lines;24784;0;1997100;80,58021304;18654
total_operands;24784;0;5092017;205,4558183;51614
total_operators;24784;0;1413751;57,04289057;14476
wmc;19875;4909;52752;2,654188679;155
wmc_measured_lower_bound;24784;0;133460;5,384925759;1072
