metric;value
scope;successfully_measured_subset
file_count;4991
structurally_measured_file_count;4969
total_lines;2951375
blank_lines;428825
loc;2324933
comment_lines;221174
comment_only_lines;197541
mixed_code_comment_lines;23633
lines_without_comment_only;2753834
comment_to_code_ratio;0,095131344
comment_percentage_ratio_of_totals;9,513134357
p9_sum_file_comment_percentages;
sum_file_halstead_volumes;82809867,25
class_count;24784
interface_count;0
method_count;102930
unit_count;161534
statements;1322152
declarative_statements;247870
executable_statements;1074282
bytecode_instructions;
methods_per_class;4,153082634
statements_per_unit;6,650500823
sum_cyclomatic;
sum_cyclomatic_measured_lower_bound;232583
bytecode_per_method;
